,app_id,first_level_domain
0,com.browser.tssomas,gstatic.com
1,com.browser.tssomas,google.com
2,com.browser.tssomas,play.googleapis.com
3,com.browser.tssomas,facebook.com
4,com.browser.tssomas,siteplug.com
5,com.browser.tssomas,fbcdn.net
6,com.browser.tssomas,ytimg.com
7,com.browser.tssomas,espncdn.com
8,com.browser.tssomas,hydrisapps.com
9,com.browser.tssomas,wikipedia.org
10,com.browser.tssomas,ssl-images-amazon.com
11,com.browser.tssomas,instagram.com
12,com.browser.tssomas,youtube.com
13,com.browser.tssomas,ebaystatic.com
14,com.browser.tssomas,yimg.com
15,com.browser.tssomas,ampproject.org
16,com.browser.tssomas,consensu.org
17,com.browser.tssomas,content-autofill.googleapis.com
18,com.browser.tssomas,indexww.com
19,com.browser.tssomas,doubleclick.net
20,com.browser.tssomas,moatads.com
21,com.browser.tssomas,googletagmanager.com
22,com.browser.tssomas,dotmetrics.net
23,com.browser.tssomas,adsrvr.org
24,com.browser.tssomas,demdex.net
25,com.browser.tssomas,rlcdn.com
26,com.browser.tssomas,google-analytics.com
27,com.browser.tssomas,taboola.com
28,com.browser.tssomas,ads-twitter.com
29,com.browser.tssomas,bing.com
30,com.browser.tssomas,chartbeat.com
31,com.browser.tssomas,criteo.net
32,com.browser.tssomas,facebook.net
33,com.browser.tssomas,appsflyer.com
34,com.browser.tssomas,experianmatch.info
35,com.browser.tssomas,quantserve.com
36,com.browser.tssomas,everesttech.net
37,com.browser.tssomas,playinc.uk.com
38,com.browser.tssomas,casalemedia.com
39,com.browser.tssomas,criteo.com
40,com.browser.tssomas,rubiconproject.com
41,com.browser.tssomas,sharethrough.com
42,com.browser.tssomas,cpx.to
43,com.browser.tssomas,justpremium.com
44,com.browser.tssomas,pubmatic.com
45,com.browser.tssomas,adnxs.com
46,com.browser.tssomas,ml314.com
47,com.browser.tssomas,sail-horizon.com
48,com.browser.tssomas,t.co
49,com.browser.tssomas,googletagservices.com
50,com.browser.tssomas,googlesyndication.com
51,com.browser.tssomas,quantcount.com
52,com.browser.tssomas,chartbeat.net
53,com.browser.tssomas,360yield.com
54,com.browser.tssomas,google.com.au
55,com.browser.tssomas,jwpsrv.com
56,com.browser.tssomas,s-onetag.com
57,com.browser.tssomas,sail-personalize.com
58,com.browser.tssomas,yahoo.com
59,com.browser.tssomas,toiimg.com
60,com.browser.tssomas,krxd.net
61,com.browser.tssomas,clmbtech.com
62,com.browser.tssomas,tvid.in
63,com.browser.tssomas,imasdk.googleapis.com
64,com.browser.tssomas,jquery.com
65,com.browser.tssomas,2mdn.net
66,com.browser.tssomas,openx.net
67,com.browser.tssomas,akamaihd.net
68,com.browser.tssomas,npttech.com
69,com.browser.tssomas,amazon-adsystem.com
70,com.browser.tssomas,growthrx.in
71,com.browser.tssomas,popper.ai
72,com.browser.tssomas,iimg.in
73,com.browser.tssomas,lijit.com
74,com.browser.tssomas,serving-sys.com
75,com.browser.tssomas,gadgetsnow.com
76,com.browser.tssomas,ad-m.asia
77,com.browser.tssomas,timespoints.com
78,com.browser.tssomas,unpkg.com
79,com.browser.tssomas,scorecardresearch.com
80,com.browser.tssomas,crwdcntrl.net
81,com.browser.tssomas,advertising.com
82,com.browser.tssomas,mathtag.com
83,com.browser.tssomas,eyeota.net
84,com.browser.tssomas,emxdgt.com
85,com.browser.tssomas,simpli.fi
86,com.browser.tssomas,kargo.com
87,com.browser.tssomas,a-mo.net
88,com.browser.tssomas,bwbx.io
89,com.browser.tssomas,turn.com
90,com.browser.tssomas,smartadserver.com
91,com.browser.tssomas,megaphone.fm
92,com.browser.tssomas,socdm.com
93,com.browser.tssomas,sascdn.com
94,com.browser.tssomas,tappx.com
95,com.browser.tssomas,w55c.net
96,com.browser.tssomas,truoptik.com
97,com.browser.tssomas,ladsp.jp
98,com.browser.tssomas,exelator.com
99,com.browser.tssomas,imgix.net
100,com.browser.tssomas,mrpdata.net
101,com.browser.tssomas,blismedia.com
102,com.browser.tssomas,mediawire.in
103,com.browser.tssomas,sitescout.com
104,com.browser.tssomas,ladsp.com
105,com.browser.tssomas,newrelic.com
106,com.browser.tssomas,r-ad.ne.jp
107,com.browser.tssomas,cinarra.com
108,com.browser.tssomas,loopme.me
109,com.browser.tssomas,nr-data.net
110,com.browser.tssomas,mobileadtrading.com
111,com.browser.tssomas,bidswitch.net
112,com.browser.tssomas,admixer.net
113,com.browser.tssomas,go-mpulse.net
114,com.browser.tssomas,en25.com
115,com.browser.tssomas,cookielaw.org
116,com.browser.tssomas,tru.am
117,com.browser.tssomas,www.googleapis.com
118,com.browser.tssomas,sophi.io
119,com.browser.tssomas,dotomi.com
120,com.browser.tssomas,extend.tv
121,com.browser.tssomas,1rx.io
122,com.browser.tssomas,avct.cloud
123,com.browser.tssomas,adroll.com
124,com.browser.tssomas,appier.net
125,com.browser.tssomas,rkdms.com
126,com.browser.tssomas,admanmedia.com
127,com.browser.tssomas,brand-display.com
128,com.browser.tssomas,adsafeprotected.com
129,com.browser.tssomas,eloqua.com
130,com.browser.tssomas,deepintent.com
131,com.browser.tssomas,bttrack.com
132,com.browser.tssomas,playground.xyz
133,com.browser.tssomas,cmcd1.com
134,com.browser.tssomas,d1z2jf7jlzjs58.cloudfront.net
135,com.browser.tssomas,ctnsnet.com
136,com.browser.tssomas,contextweb.com
137,com.browser.tssomas,googleadservices.com
138,com.browser.tssomas,adform.net
139,com.browser.tssomas,onetrust.com
140,com.browser.tssomas,licdn.com
141,com.browser.tssomas,acuityplatform.com
142,com.browser.tssomas,quora.com
143,com.browser.tssomas,dstillery.com
144,com.browser.tssomas,richaudience.com
145,com.browser.tssomas,adotmob.com
146,com.browser.tssomas,qualtrics.com
147,com.browser.tssomas,sc-static.net
148,com.browser.tssomas,media6degrees.com
149,com.browser.tssomas,avocet.io
150,com.browser.tssomas,gumgum.com
151,com.browser.tssomas,cxense.com
152,com.browser.tssomas,redditstatic.com
153,com.browser.tssomas,outbrain.com
154,com.browser.tssomas,sportradarserving.com
155,com.browser.tssomas,snapchat.com
156,com.browser.tssomas,newscgp.com
157,com.browser.tssomas,optimizely.com
158,com.browser.tssomas,liadm.com
159,com.browser.tssomas,id5-sync.com
160,com.browser.tssomas,permutive.com
161,com.browser.tssomas,pub.network
162,com.browser.tssomas,tapad.com
163,com.browser.tssomas,jwplayer.com
164,com.browser.tssomas,brandmetrics.com
165,com.browser.tssomas,prmutv.co
166,com.browser.tssomas,bluekai.com
167,com.browser.tssomas,agkn.com
168,com.browser.tssomas,skimresources.com
169,com.browser.tssomas,parsely.com
170,com.browser.tssomas,privacy-mgmt.com
171,com.browser.tssomas,update.googleapis.com
172,com.browser.tssomas,gvt1.com
173,com.browser.tssomas,thrtle.com
174,com.browser.tssomas,dowjones.io
175,com.browser.tssomas,dowjoneson.com
176,com.browser.tssomas,adlightning.com
177,com.browser.tssomas,videoplayerhub.com
178,com.browser.tssomas,linkedin.com
179,com.browser.tssomas,etimg.com
180,com.browser.tssomas,timesinternet.in
181,com.browser.tssomas,btloader.com
182,com.browser.tssomas,cxpublic.com
183,com.browser.tssomas,tiqcdn.com
184,com.browser.tssomas,ad-delivery.net
185,com.browser.tssomas,permutive.app
186,com.browser.tssomas,reddit.com
187,com.browser.tssomas,adsymptotic.com
188,com.browser.tssomas,mouseflow.com
189,com.browser.tssomas,mediarithmics.com
190,com.browser.tssomas,imrworldwide.com
191,com.browser.tssomas,aaxads.com
192,com.browser.tssomas,twitter.com
193,com.browser.tssomas,ntv.io
194,com.browser.tssomas,barrons.com
195,com.browser.tssomas,marketwatch.com
196,com.browser.tssomas,knewz.com
197,com.browser.tssomas,mansionglobal.com
198,com.browser.tssomas,pagesix.com
199,com.browser.tssomas,decider.com
200,com.browser.tssomas,penews.com
201,com.browser.tssomas,browsiprod.com
202,com.browser.tssomas,videohub.tv
203,com.browser.tssomas,realtor.com
204,com.browser.tssomas,guim.co.uk
205,com.browser.tssomas,ncaudienceexchange.com
206,com.browser.tssomas,tvsquared.com
207,com.browser.tssomas,dianomi.com
208,com.browser.tssomas,app.link
209,com.browser.tssomas,outbrainimg.com
210,com.browser.tssomas,undertone.com
211,com.browser.tssomas,branch.io
212,com.browser.tssomas,pippio.com
213,com.browser.tssomas,uncn.jp
214,com.browser.tssomas,postrelease.com
215,com.browser.tssomas,aaxdetect.com
216,com.browser.tssomas,linksynergy.com
217,com.browser.tssomas,semasio.net
218,com.browser.tssomas,revcontent.com
219,com.browser.tssomas,mgid.com
220,com.browser.tssomas,serverbid.com
221,com.browser.tssomas,cloudflare.com
222,com.browser.tssomas,polyfill.io
223,com.browser.tssomas,gu-web.net
224,com.browser.tssomas,admedo.com
225,com.browser.tssomas,guardianapis.com
226,com.browser.tssomas,lkqd.net
227,com.browser.tssomas,confiant-integrations.global.ssl.fastly.net
228,com.browser.tssomas,sp-prod.net
229,com.browser.tssomas,zemanta.com
230,com.browser.tssomas,guardianapps.co.uk
231,com.browser.tssomas,tinypass.com
232,com.browser.tssomas,qantas.com
233,com.browser.tssomas,cloudflareinsights.com
234,com.browser.tssomas,wsod.com
235,com.browser.tssomas,evidon.com
236,com.browser.tssomas,iteratehq.com
237,com.browser.tssomas,nyt.com
238,com.browser.tssomas,fonts.googleapis.com
239,com.browser.tssomas,ctfassets.net
240,com.browser.tssomas,vipleague.tv
241,com.browser.tssomas,googleoptimize.com
242,com.browser.tssomas,okamata.site
243,com.browser.tssomas,picdn.net
244,com.browser.tssomas,v1sts.me
245,com.browser.tssomas,vaebard.com
246,com.browser.tssomas,toglooman.com
247,com.browser.tssomas,rtmark.net
248,com.browser.tssomas,w-x.co
249,com.browser.tssomas,instana.io
250,com.browser.tssomas,geoedge.be
251,com.browser.tssomas,media.net
252,com.browser.tssomas,lalaping.com
253,com.browser.tssomas,akstat.io
254,com.browser.tssomas,interst12.com
255,com.browser.tssomas,littlecdn.com
256,com.browser.tssomas,fncstatic.com
257,com.browser.tssomas,propeller-tracking.com
258,com.browser.tssomas,wowreality.info
259,com.browser.tssomas,omny.fm
260,com.browser.tssomas,raygun.io
261,com.browser.tssomas,bkrtx.com
262,com.browser.tssomas,webcontentassessor.global.ssl.fastly.net
263,com.browser.tssomas,ajax.googleapis.com
264,com.browser.tssomas,taplytics.com
265,com.browser.tssomas,h-cdn.com
266,com.browser.tssomas,wfxtriggers.com
267,com.browser.tssomas,clarium.global.ssl.fastly.net
268,com.browser.tssomas,opecloud.com
269,com.browser.tssomas,zeustechnology.com
270,com.browser.tssomas,sentry-cdn.com
271,com.browser.tssomas,smaato.net
272,com.browser.tssomas,omnycontent.com
273,com.browser.tssomas,yieldmo.com
274,com.browser.tssomas,webcontentassessor.com
275,com.browser.tssomas,lytics.io
276,com.browser.tssomas,privacymanager.io
277,com.browser.tssomas,mfadsrvr.com
278,com.browser.tssomas,unrulymedia.com
279,com.browser.tssomas,invitemedia.com
280,com.browser.tssomas,forbesimg.com
281,com.browser.tssomas,stackadapt.com
282,com.browser.tssomas,speedcurve.com
283,com.browser.tssomas,pusher.com
284,com.browser.tssomas,ipmeta.io
285,com.browser.tssomas,spotxchange.com
286,com.browser.tssomas,trustx.org
287,com.browser.tssomas,betweendigital.com
288,com.browser.tssomas,innity.com
289,com.browser.tssomas,districtm.io
290,com.browser.tssomas,mookie1.com
291,com.browser.tssomas,rfihub.com
292,com.browser.tssomas,adap.tv
293,com.browser.tssomas,mrtnsvr.com
294,com.browser.tssomas,connexity.net
295,com.browser.tssomas,pro-market.net
296,com.browser.tssomas,cognitivlabs.com
297,com.browser.tssomas,trustarc.com
298,com.browser.tssomas,adentifi.com
299,com.browser.tssomas,parrable.com
300,com.browser.tssomas,ipredictive.com
301,com.browser.tssomas,fox.com
302,com.browser.tssomas,teads.tv
303,com.browser.tssomas,sonobi.com
304,com.browser.tssomas,adtechus.com
305,com.browser.tssomas,gannett-cdn.com
306,com.browser.tssomas,colossusssp.com
307,com.browser.tssomas,scroll.com
308,com.browser.tssomas,summerhamster.com
309,com.browser.tssomas,associates-amazon.com
310,com.browser.tssomas,digitaloceanspaces.com
311,com.browser.tssomas,adnear.net
312,com.browser.tssomas,dyntrk.com
313,com.browser.tssomas,tidaltv.com
314,com.browser.tssomas,igodigital.com
315,com.browser.tssomas,xg4ken.com
316,com.browser.tssomas,perfectmarket.com
317,com.browser.tssomas,bidr.io
318,com.browser.tssomas,clarium.io
319,com.browser.tssomas,cnbcfm.com
320,com.browser.tssomas,tribalfusion.com
321,com.browser.tssomas,flashtalking.com
322,com.browser.tssomas,creativecdn.com
323,com.browser.tssomas,nbcudigitaladops.com
324,com.browser.tssomas,e-volution.ai
325,com.browser.tssomas,adkernel.com
326,com.browser.tssomas,nbcuni.com
327,com.browser.tssomas,mparticle.com
328,com.browser.tssomas,admantx.com
329,com.browser.tssomas,impact-ad.jp
330,com.browser.tssomas,reson8.com
331,com.browser.tssomas,acidpigs.com
332,com.browser.tssomas,clientgear.com
333,com.browser.tssomas,bounceexchange.com
334,com.browser.tssomas,sharethis.com
335,com.browser.tssomas,sail-track.com
336,com.browser.tssomas,ispot.tv
337,com.browser.tssomas,amplitude.com
338,com.browser.tssomas,adobedtm.com
339,com.browser.tssomas,squirrelhands.com
340,com.browser.tssomas,hotjar.com
341,com.browser.tssomas,nbcsports.com
342,com.browser.tssomas,researchnow.com
343,com.browser.tssomas,bouncex.net
344,com.browser.tssomas,conductrics.com
345,com.browser.tssomas,tvpixel.com
346,com.browser.tssomas,d185y8fkx3tp2z.cloudfront.net
347,com.browser.tssomas,twimg.com
348,com.browser.tssomas,clean.gg
349,com.browser.tssomas,dw7nrwnn2bkh1.cloudfront.net
350,com.browser.tssomas,admatrix.jp
351,com.browser.tssomas,exponential.com
352,com.browser.tssomas,wishjus.com
353,com.browser.tssomas,marketo.net
354,com.browser.tssomas,adpone.com
355,com.browser.tssomas,lz-pub-ads.com
356,com.browser.tssomas,33across.com
357,com.browser.tssomas,p-n.io
358,com.browser.tssomas,tynt.com
359,com.browser.tssomas,openx.com
360,com.browser.tssomas,adgrx.com
361,com.browser.tssomas,zqtk.net
362,com.browser.tssomas,huffpost.com
363,com.browser.tssomas,servedbysmart.com
364,com.browser.tssomas,typekit.net
365,com.browser.tssomas,adhigh.net
366,com.browser.tssomas,trustpilot.com
367,com.browser.tssomas,buzzfeed.com
368,com.browser.tssomas,omtrdc.net
369,com.browser.tssomas,bumlam.com
370,com.browser.tssomas,owneriq.net
371,com.browser.tssomas,new-programmatic.com
372,com.browser.tssomas,bidtheatre.com
373,com.browser.tssomas,rutarget.ru
374,com.browser.tssomas,adsniper.ru
375,com.browser.tssomas,blueconic.net
376,com.browser.tssomas,hearstnp.com
377,com.browser.tssomas,vihub.ru
378,com.browser.tssomas,hdnux.com
379,com.browser.tssomas,upravel.com
380,com.browser.tssomas,aio.media
381,com.browser.tssomas,newspapers-142716.uc.r.appspot.com
382,com.browser.tssomas,whiteboxdigital.ru
383,com.browser.tssomas,rktch.com
384,com.browser.tssomas,ex.co
385,com.browser.tssomas,sfchronicle.com
386,com.browser.tssomas,im-apps.net
387,com.browser.tssomas,scanscout.com
388,com.browser.tssomas,s3.us-east-1.amazonaws.com
389,com.browser.tssomas,gnezdo.ru
390,com.browser.tssomas,stickyadstv.com
391,com.browser.tssomas,aidata.io
392,com.browser.tssomas,playbuzz.com
393,com.browser.tssomas,avplayer.com
394,com.browser.tssomas,beeline.ru
395,com.browser.tssomas,aniview.com
396,com.browser.tssomas,omnidsp.com
397,com.browser.tssomas,eqads.com
398,com.browser.tssomas,otm-r.com
399,com.browser.tssomas,mail.ru
400,com.browser.tssomas,adition.com
401,com.browser.tssomas,sniperlog.ru
402,com.browser.tssomas,dsbahmgppc0j4.cloudfront.net
403,com.browser.tssomas,d15kdpgjg3unno.cloudfront.net
404,com.browser.tssomas,advangelists.com
405,com.browser.tssomas,geistm.com
406,com.browser.tssomas,sqs.us-east-1.amazonaws.com
407,com.browser.tssomas,crazyegg.com
408,com.browser.tssomas,yandex.ru
409,com.browser.tssomas,1dmp.io
410,com.browser.tssomas,api.news
411,com.browser.tssomas,wp.com
412,com.browser.tssomas,hgrtb.com
413,com.browser.tssomas,tns-counter.ru
414,com.browser.tssomas,newscorpaustralia.com
415,com.browser.tssomas,zprk.io
416,com.browser.tssomas,jsdelivr.net
417,com.browser.tssomas,rees46.com
418,com.browser.tssomas,lemmatechnologies.com
419,com.browser.tssomas,inskinad.com
420,com.browser.tssomas,cnzz.com
421,com.browser.tssomas,webterren.com
422,com.browser.tssomas,onetag-sys.com
423,com.browser.tssomas,vidazoo.com
424,com.browser.tssomas,doubleverify.com
425,com.browser.tssomas,bnmla.com
426,com.browser.tssomas,alexametrics.com
427,com.browser.tssomas,ad4m.at
428,com.browser.tssomas,mmstat.com
429,com.browser.tssomas,ptengine.cn
430,com.browser.tssomas,adtelligent.com
431,com.browser.tssomas,a2z.com
432,com.browser.tssomas,akl50-c1.cloudfront.net
433,com.browser.tssomas,opera.com
434,com.browser.tssomas,tremorhub.com
435,com.browser.tssomas,foresee.com
436,com.browser.tssomas,cfigroup.com
437,com.browser.tssomas,4seeresults.com
438,com.browser.tssomas,behave.com
439,com.browser.tssomas,ib-ibi.com
440,com.browser.tssomas,atdmt.com
441,com.browser.tssomas,sundaysky.com
442,com.browser.tssomas,evolok.net
443,com.browser.tssomas,d2r1yp2w7bby2u.cloudfront.net
444,com.browser.tssomas,mediago.io
445,com.browser.tssomas,onaudience.com
446,com.browser.tssomas,wzrkt.com
447,com.browser.tssomas,thgim.com
448,com.browser.tssomas,truste.com
449,com.browser.tssomas,bootstrapcdn.com
450,com.browser.tssomas,moatpixel.com
451,com.browser.tssomas,adingo.jp
452,com.browser.tssomas,statsofindia.in
453,com.browser.tssomas,automatad.com
454,com.browser.tssomas,betrad.com
455,com.browser.tssomas,omnitagjs.com
456,com.browser.tssomas,tubemogul.com
457,com.browser.tssomas,chocolateplatform.com
458,com.browser.tssomas,vuukle.com
459,com.browser.tssomas,clickagy.com
460,com.browser.tssomas,s3-eu-west-1.amazonaws.com
461,com.browser.tssomas,cbsi.com
462,com.browser.tssomas,tailtarget.com
463,com.browser.tssomas,cbsistatic.com
464,com.browser.tssomas,technoratimedia.com
465,com.browser.tssomas,erne.co
466,com.browser.tssomas,westerndigital.com
467,com.browser.tssomas,sandisk.com
468,com.browser.tssomas,addthis.com
469,com.browser.tssomas,nrich.ai
470,com.browser.tssomas,bazaarvoice.com
471,com.browser.tssomas,fwmrm.net
472,com.browser.tssomas,trafficroots.com
473,com.browser.tssomas,deployads.com
474,com.browser.tssomas,dmxleo.com
475,com.browser.tssomas,espn.com
476,com.browser.tssomas,cedexis.com
477,com.browser.tssomas,natgeofe.com
478,com.browser.tssomas,go.com
479,com.browser.tssomas,cedexis-radar.net
480,com.browser.tssomas,navdmp.com
481,com.browser.tssomas,gwallet.com
482,com.browser.tssomas,ensighten.com
483,com.browser.tssomas,pinimg.com
484,com.browser.tssomas,zeotap.com
485,com.browser.tssomas,rajivramnath.com
486,com.browser.tssomas,rtactivate.com
487,com.browser.tssomas,cedexis-test.com
488,com.browser.tssomas,pinterest.com
489,com.browser.tssomas,adobe.com
490,com.browser.tssomas,hearst3pcc.com
491,com.browser.tssomas,moneytag.tech
492,com.browser.tssomas,msedge.net
493,com.browser.tssomas,citrix-itm-test.com
494,com.browser.tssomas,bitgravity.com
495,com.browser.tssomas,thebrighttag.com
496,com.browser.tssomas,ctpost.com
497,com.browser.tssomas,brightspotcdn.com
498,com.browser.tssomas,californiatimes.com
499,com.browser.tssomas,simplecast.com
500,com.browser.tssomas,akamaized.net
501,com.browser.tssomas,bcovery.com
502,com.browser.tssomas,matheranalytics.com
503,com.browser.tssomas,chtbl.com
504,com.browser.tssomas,simplecastcdn.com
505,com.browser.tssomas,1e100cdn.net
506,com.browser.tssomas,viglink.com
507,com.browser.tssomas,prepareplanes.com
508,com.browser.tssomas,braintreegateway.com
509,com.browser.tssomas,d2ip7iv1l4ergv.cloudfront.net
510,com.browser.tssomas,piano.io
511,com.browser.tssomas,zeddit.com
512,com.browser.tssomas,3gl.net
513,com.browser.tssomas,cdnbasket.net
514,com.browser.tssomas,cdnwidget.com
515,com.browser.tssomas,kinesis.us-east-1.amazonaws.com
516,com.browser.tssomas,edgekey.net
517,com.browser.tssomas,nrk.no
518,com.browser.tssomas,medietall.no
519,com.browser.tssomas,akamai.com
520,com.browser.tssomas,storage.googleapis.com
521,com.browser.tssomas,webengage.com
522,com.browser.tssomas,htmedia.in
523,com.browser.tssomas,minute.ly
524,com.browser.tssomas,imhd.io
525,com.browser.tssomas,pmc.com
526,com.browser.tssomas,webengage.co
527,com.browser.tssomas,tldw.me
528,com.browser.tssomas,rollbar.com
529,com.browser.tssomas,vntsm.com
530,com.browser.tssomas,catapultx.com
531,com.browser.tssomas,blogherads.com
532,com.browser.tssomas,swiftypecdn.com
533,com.browser.tssomas,snackly.co
534,com.browser.tssomas,onesignal.com
535,com.browser.tssomas,jwplatform.com
536,com.browser.tssomas,trackonomics.net
537,com.browser.tssomas,treasuredata.com
538,com.browser.tssomas,lightboxcdn.com
539,com.browser.tssomas,shopify.com
540,com.browser.tssomas,swiftype.com
541,com.browser.tssomas,s3-us-west-2.amazonaws.com
542,com.browser.tssomas,pghub.io
543,com.browser.tssomas,ad.gt
544,com.browser.tssomas,art19.com
545,com.browser.tssomas,lightboxapi.azurewebsites.net
546,com.browser.tssomas,aufp.io
547,com.browser.tssomas,districtm.ca
548,com.browser.tssomas,recommendationengine.googleapis.com
549,com.browser.tssomas,ffx.io
550,com.browser.tssomas,d2uhnetoehh304.cloudfront.net
551,com.browser.tssomas,storygize.net
552,com.browser.tssomas,cloudinary.com
553,com.browser.tssomas,pushnami.com
554,com.browser.tssomas,nc0.co
555,com.browser.tssomas,nine.com.au
556,com.browser.tssomas,infogram.com
557,com.browser.tssomas,gscontxt.net
558,com.browser.tssomas,volvelle.tech
559,com.browser.tssomas,ck-ie.com
560,com.browser.tssomas,keywee.co
561,com.browser.tssomas,channelexco.com
562,com.browser.tssomas,adnxs-simple.com
563,com.browser.tssomas,upwave.com
564,com.browser.tssomas,insightexpressai.com
